5e-10,1
2.1283e-08,1.005
1.9229e-07,1.047
4.8372e-07,1.112
8.3067e-07,1.183
1.247e-06,1.261
1.7132e-06,1.34
2.2553e-06,1.425
2.9194e-06,1.518
3.6648e-06,1.614
4.5118e-06,1.714
5.5706e-06,1.828
6.7617e-06,1.944
8.1183e-06,2.065
9.7727e-06,2.199
1.1675e-05,2.34
1.3795e-05,2.483
1.638e-05,2.642
1.9288e-05,2.805
2.2519e-05,2.969
2.6396e-05,3.149
3.0435e-05,3.319
3.5484e-05,3.512
4.0533e-05,3.686
4.6591e-05,3.875
5.2902e-05,4.051
5.9529e-05,4.218
6.7417e-05,4.394
7.5306e-05,4.55
8.3194e-05,4.688
9.3055e-05,4.84
0.00010292,4.971
0.00011278,5.084
0.00012362,5.191
0.00013595,5.295
0.00014828,5.381
0.00016091,5.455
0.00017632,5.529
0.00019172,5.588
0.0002079,5.637
0.00022716,5.683
0.00024642,5.718
0.00027001,5.75
0.00029409,5.773
0.00032418,5.792
0.00035427,5.805
0.00038437,5.813
0.00041446,5.818
0.00044455,5.821
0.00047464,5.822
0.00050474,5.823
0.00053483,5.823
0.00056492,5.822
0.00059953,5.82
0.00063714,5.818
0.00067476,5.815
0.00071238,5.811
0.00074999,5.808
0.00078761,5.804
0.00082522,5.799
0.00086284,5.794
0.00090328,5.789
0.0009503,5.782
0.00099732,5.775
0.0010443,5.767
0.0010914,5.759
0.0011384,5.751
0.0011854,5.742
0.0012395,5.732
0.0012982,5.721
0.001357,5.709
0.0014158,5.697
0.0014746,5.684
0.0015377,5.67
0.0016112,5.654
0.0016847,5.637
0.0017582,5.62
0.0018316,5.603
0.0019051,5.586
0.0019786,5.568
0.002052,5.55
0.0021384,5.529
0.0022302,5.507
0.002322,5.485
0.0024139,5.462
0.0025057,5.44
0.0025975,5.417
0.0026894,5.395
0.0027812,5.373
0.002873,5.351
0.0029649,5.329
0.0030567,5.307
0.0031485,5.286
0.0032404,5.264
0.0033322,5.243
0.003424,5.222
0.0035159,5.201
0.0036077,5.181
0.0036996,5.16
0.0037914,5.14
0.0038832,5.12
0.0039751,5.101
0.0040807,5.078
0.0041955,5.054
0.0043103,5.031
0.0044251,5.007
0.0045399,4.984
0.0046546,4.962
0.0047694,4.94
0.0048842,4.918
0.004999,4.896
0.0051138,4.875
0.0052286,4.854
0.0053434,4.833
0.0054582,4.813
0.005573,4.793
0.0056993,4.772
0.0058428,4.747
0.0059863,4.724
0.0061298,4.7
0.0062732,4.678
0.0064167,4.655
0.0065602,4.633
0.0067037,4.611
0.0068472,4.59
0.0069979,4.568
0.0071773,4.542
0.0073566,4.517
0.007536,4.492
0.0077154,4.468
0.0078947,4.444
0.0080741,4.42
0.0082534,4.397
0.0084328,4.375
0.0086122,4.353
0.0087915,4.331
0.0089709,4.309
0.0091503,4.288
0.0093296,4.267
0.009509,4.246
0.0096884,4.226
0.0098677,4.206
0.010047,4.186
0.010226,4.167
0.010406,4.147
0.010585,4.128
0.010765,4.11
0.010944,4.091
0.011123,4.073
0.011303,4.054
0.011482,4.037
0.011661,4.019
0.011841,4.001
0.01202,3.984
0.0122,3.967
0.012379,3.95
0.012558,3.933
0.012738,3.916
0.012917,3.9
0.013096,3.884
0.013276,3.868
0.013455,3.852
0.013634,3.836
0.013814,3.821
0.013993,3.805
0.014173,3.79
0.014352,3.775
0.014531,3.76
0.014711,3.746
0.01489,3.731
0.015069,3.717
0.015249,3.703
0.015428,3.689
0.015607,3.675
0.015787,3.662
0.015966,3.648
0.016146,3.635
0.016325,3.622
0.016504,3.61
0.016684,3.597
0.016863,3.585
0.017042,3.572
0.017222,3.56
0.017401,3.548
0.01758,3.537
0.01776,3.525
0.017939,3.514
0.018119,3.503
0.018298,3.492
0.018477,3.481
0.018657,3.47
0.018836,3.46
0.019015,3.45
0.019195,3.44
0.019374,3.43
0.019554,3.42
0.019733,3.411
0.019912,3.401
0.020092,3.392
0.020271,3.383
0.02045,3.374
0.02063,3.365
0.020809,3.357
0.020988,3.348
0.021168,3.34
0.021347,3.332
0.021527,3.324
0.021706,3.316
0.021885,3.309
0.022065,3.301
0.022244,3.294
0.022423,3.287
0.022603,3.28
0.022782,3.273
0.022961,3.266
0.023141,3.259
0.02332,3.253
0.0235,3.246
0.023679,3.24
0.023858,3.234
0.024038,3.228
0.024217,3.222
0.024396,3.216
0.024576,3.21
0.024755,3.205
0.024935,3.199
0.025114,3.194
0.025293,3.189
0.025473,3.184
0.025652,3.178
0.025831,3.173
0.026011,3.169
0.02619,3.164
0.026369,3.159
0.026549,3.155
0.026728,3.15
0.026908,3.146
0.027087,3.141
0.027266,3.137
0.027446,3.133
0.027625,3.129
0.027804,3.125
0.027984,3.121
0.028163,3.117
0.028342,3.113
0.028522,3.109
0.028701,3.106
0.028881,3.102
0.02906,3.099
0.029239,3.095
0.029419,3.092
0.029598,3.089
0.029777,3.085
0.029957,3.082
0.030136,3.079
0.030315,3.076
0.030495,3.073
0.030674,3.07
0.030854,3.067
0.031033,3.064
0.031212,3.062
0.031392,3.059
0.031571,3.056
0.03175,3.054
0.03193,3.051
0.032109,3.048
0.032289,3.046
0.032468,3.044
0.032647,3.041
0.032827,3.039
0.033006,3.037
0.033185,3.034
0.033365,3.032
0.033544,3.03
0.033723,3.028
0.033903,3.026
0.034082,3.024
0.034262,3.022
0.034441,3.02
0.03462,3.018
0.0348,3.016
0.034979,3.015
0.035158,3.013
0.035338,3.011
0.035517,3.009
0.035696,3.008
0.035876,3.006
0.036055,3.004
0.036235,3.003
0.036414,3.001
0.036593,3
0.036773,2.999
0.036952,2.997
0.037131,2.996
0.037311,2.994
0.03749,2.993
0.03767,2.992
0.037849,2.991
0.038028,2.989
0.038208,2.988
0.038387,2.987
0.038566,2.986
0.038746,2.985
0.038925,2.984
0.039104,2.983
0.039284,2.982
0.039463,2.981
0.039643,2.98
0.039822,2.979
0.040001,2.978
0.040181,2.977
0.04036,2.976
0.040539,2.976
0.040719,2.975
0.040898,2.974
0.041077,2.973
0.041257,2.973
0.041436,2.972
0.041616,2.971
0.041795,2.971
0.041974,2.97
0.042154,2.97
0.042333,2.969
0.042512,2.969
0.042692,2.968
0.042871,2.968
0.04305,2.967
0.04323,2.967
0.043409,2.966
0.043589,2.966
0.043768,2.966
0.043947,2.965
0.044127,2.965
0.044306,2.965
0.044485,2.965
0.044665,2.964
0.044844,2.964
0.045024,2.964
0.045203,2.964
0.045382,2.964
0.045562,2.964
0.045741,2.964
0.04592,2.964
0.0461,2.964
0.046279,2.964
0.046458,2.964
0.046638,2.964
0.046817,2.964
0.046997,2.964
0.047176,2.964
0.047355,2.964
0.047535,2.964
0.047714,2.964
0.047893,2.965
0.048073,2.965
0.048252,2.965
0.048431,2.965
0.048611,2.966
0.04879,2.966
0.04897,2.966
0.049149,2.967
0.049328,2.967
0.049508,2.967
0.049687,2.968
0.049866,2.968
0.050023,2.969
0.050147,2.969
0.050271,2.969
0.050395,2.97
0.050519,2.97
0.050643,2.971
0.050767,2.971
0.050892,2.971
0.051016,2.972
0.05114,2.972
0.051264,2.973
0.051388,2.973
0.051512,2.973
0.051637,2.974
0.051761,2.974
0.051885,2.975
0.052009,2.975
0.052133,2.976
0.052257,2.976
0.052381,2.977
0.052506,2.978
0.05263,2.978
0.052754,2.979
0.052878,2.979
0.053002,2.98
0.053126,2.98
0.05325,2.981
0.053375,2.982
0.053499,2.982
0.053623,2.983
0.053747,2.984
0.053871,2.984
0.053995,2.985
0.05412,2.986
0.054244,2.986
0.054368,2.987
0.054492,2.988
0.054616,2.988
0.05474,2.989
0.054864,2.99
0.054989,2.991
0.055113,2.992
0.055237,2.992
0.055361,2.993
0.055485,2.994
0.055609,2.995
0.055734,2.996
0.055858,2.997
0.055982,2.997
0.056106,2.998
0.05623,2.999
0.056354,3
0.056478,3.001
0.056603,3.002
0.056727,3.003
0.056851,3.004
0.056975,3.005
0.057099,3.006
0.057223,3.007
0.057347,3.008
0.057472,3.009
0.057596,3.01
0.05772,3.011
0.057844,3.012
0.057968,3.013
0.058092,3.014
0.058217,3.015
0.058341,3.016
0.058465,3.017
0.058589,3.018
0.058713,3.02
0.058837,3.021
0.058961,3.022
0.059086,3.023
0.05921,3.024
0.059334,3.026
0.059458,3.027
0.059582,3.028
0.059706,3.029
0.05983,3.031
0.059955,3.032
0.060079,3.033
0.060203,3.034
0.060327,3.036
0.060451,3.037
0.060575,3.038
0.0607,3.04
0.060824,3.041
0.060948,3.043
0.061072,3.044
0.061196,3.045
0.06132,3.047
0.061444,3.048
0.061569,3.05
0.061693,3.051
0.061817,3.053
0.061941,3.054
0.062065,3.056
0.062189,3.057
0.062314,3.059
0.062438,3.061
0.062562,3.062
0.062686,3.064
0.06281,3.065
0.062934,3.067
0.063058,3.069
0.063183,3.071
0.063307,3.072
0.063431,3.074
0.063555,3.076
0.063679,3.077
0.063803,3.079
0.063927,3.081
0.064052,3.083
0.064176,3.085
0.0643,3.086
0.064424,3.088
0.064548,3.09
0.064672,3.092
0.064797,3.094
0.064921,3.096
0.065045,3.098
0.065169,3.1
0.065293,3.102
0.065417,3.104
0.065541,3.106
0.065666,3.108
0.06579,3.11
0.065914,3.112
0.066038,3.114
0.066162,3.117
0.066286,3.119
0.066411,3.121
0.066535,3.123
0.066659,3.125
0.066783,3.128
0.066907,3.13
0.067031,3.132
0.067155,3.134
0.06728,3.137
0.067404,3.139
0.067528,3.142
0.067652,3.144
0.067776,3.146
0.0679,3.149
0.068024,3.151
0.068149,3.154
0.068273,3.156
0.068397,3.159
0.068521,3.161
0.068645,3.164
0.068769,3.167
0.068894,3.169
0.069018,3.172
0.069142,3.175
0.069266,3.177
0.06939,3.18
0.069514,3.183
0.069638,3.186
0.069763,3.189
0.069887,3.192
0.070011,3.194
0.070135,3.197
0.070259,3.2
0.070383,3.203
0.070508,3.206
0.070632,3.209
0.070756,3.212
0.07088,3.216
0.071004,3.219
0.071128,3.222
0.071252,3.225
0.071377,3.228
0.071501,3.232
0.071625,3.235
0.071749,3.238
0.071873,3.242
0.071997,3.245
0.072121,3.249
0.072246,3.252
0.07237,3.256
0.072494,3.259
0.072618,3.263
0.072742,3.266
0.072866,3.27
0.072991,3.274
0.073115,3.277
0.073239,3.281
0.073363,3.285
0.073487,3.289
0.073611,3.293
0.073735,3.297
0.07386,3.301
0.073984,3.305
0.074108,3.309
0.074232,3.313
0.074356,3.317
0.07448,3.321
0.074604,3.325
0.074729,3.33
0.074853,3.334
0.074977,3.338
0.075101,3.343
0.075225,3.347
0.075349,3.352
0.075474,3.357
0.075598,3.361
0.075722,3.366
0.075846,3.371
0.07597,3.375
0.076094,3.38
0.076218,3.385
0.076343,3.39
0.076467,3.395
0.076591,3.4
0.076715,3.405
0.076839,3.41
0.076963,3.416
0.077088,3.421
0.077212,3.426
0.077336,3.432
0.07746,3.437
0.077584,3.443
0.077708,3.449
0.077832,3.454
0.077957,3.46
0.078081,3.466
0.078205,3.472
0.078329,3.478
0.078453,3.484
0.078577,3.49
0.078701,3.496
0.078826,3.502
0.07895,3.509
0.079074,3.515
0.079198,3.522
0.079322,3.528
0.079446,3.535
0.079571,3.542
0.079695,3.548
0.079819,3.555
0.079943,3.562
0.080067,3.569
0.080191,3.577
0.080315,3.584
0.08044,3.591
0.080564,3.599
0.080688,3.606
0.080812,3.614
0.080936,3.622
0.08106,3.63
0.081185,3.638
0.081309,3.646
0.081433,3.654
0.081557,3.662
0.081681,3.671
0.081805,3.679
0.081929,3.688
0.082054,3.697
0.082178,3.705
0.082302,3.714
0.082426,3.724
0.08255,3.733
0.082674,3.742
0.082798,3.752
0.082923,3.762
0.083047,3.771
0.083171,3.781
0.083295,3.791
0.083419,3.802
0.083543,3.812
0.083668,3.823
0.083792,3.833
0.083916,3.844
0.08404,3.855
0.084164,3.866
0.084288,3.878
0.084412,3.889
0.084537,3.901
0.084661,3.913
0.084785,3.925
0.084909,3.937
0.085033,3.949
0.085157,3.962
0.085282,3.975
0.085406,3.988
0.08553,4.001
0.085654,4.015
0.085778,4.028
0.085902,4.042
0.086026,4.056
0.086151,4.07
0.086275,4.085
0.086399,4.1
0.086523,4.115
0.086647,4.13
0.086771,4.145
0.086895,4.161
0.08702,4.177
0.087144,4.193
0.087268,4.21
0.087392,4.227
0.087516,4.244
0.08764,4.261
0.087765,4.279
0.087889,4.296
0.088013,4.315
0.088137,4.333
0.088261,4.352
0.088385,4.371
0.088509,4.391
0.088634,4.41
0.088758,4.43
0.088882,4.451
0.089006,4.471
0.08913,4.493
0.089254,4.514
0.089378,4.536
0.089503,4.558
0.089627,4.58
0.089751,4.603
0.089875,4.627
0.089999,4.65
0.090123,4.674
0.090248,4.698
0.090372,4.723
0.090496,4.748
0.09062,4.774
0.090744,4.8
0.090868,4.826
0.090992,4.853
0.091117,4.88
0.091241,4.908
0.091365,4.936
0.091489,4.964
0.091613,4.993
0.091737,5.022
0.091862,5.051
0.091986,5.081
0.09211,5.112
0.092234,5.143
0.092358,5.174
0.092482,5.205
0.092606,5.237
0.092731,5.27
0.092855,5.302
0.092979,5.336
0.093103,5.369
0.093227,5.403
0.093351,5.437
0.093475,5.472
0.0936,5.507
0.093724,5.542
0.093848,5.578
0.093972,5.613
0.094096,5.65
0.09422,5.686
0.094345,5.723
0.094469,5.76
0.094593,5.797
0.094717,5.835
0.094841,5.873
0.094965,5.911
0.095089,5.949
0.095214,5.987
0.095338,6.027
0.095462,6.067
0.095586,6.109
0.09571,6.152
0.095834,6.195
0.095959,6.24
0.096083,6.284
0.096207,6.33
0.096331,6.376
0.096455,6.422
0.096579,6.468
0.096703,6.514
0.096828,6.56
0.096952,6.606
0.097076,6.652
0.0972,6.698
0.097324,6.744
0.097448,6.79
0.097572,6.835
0.097697,6.88
0.097821,6.925
0.097945,6.969
0.098069,7.013
0.098193,7.057
0.098317,7.101
0.098442,7.144
0.098566,7.187
0.09869,7.229
0.098814,7.271
0.098938,7.313
0.099062,7.355
0.099186,7.396
0.099311,7.437
0.099435,7.477
0.099559,7.517
0.099683,7.557
0.099807,7.596
0.099931,7.636
0.10004,7.671
0.10017,7.71
0.1003,7.75
0.10043,7.788
0.10055,7.827
0.10068,7.866
0.10081,7.904
0.10093,7.941
0.10106,7.979
0.10119,8.016
0.10132,8.053
0.10144,8.09
0.10157,8.127
0.1017,8.163
0.10183,8.199
0.10195,8.235
0.10208,8.271
0.10222,8.31
0.10238,8.354
0.10254,8.397
0.1027,8.441
0.10286,8.484
0.10302,8.527
0.10317,8.569
0.10333,8.611
0.10349,8.654
0.10365,8.695
0.10381,8.737
0.10397,8.778
0.10413,8.82
0.10429,8.861
0.10445,8.901
0.10461,8.942
0.10477,8.983
0.10492,9.023
0.10508,9.063
0.10524,9.103
0.1054,9.143
0.10556,9.182
0.10572,9.222
0.10588,9.261
0.10604,9.3
0.1062,9.339
0.10636,9.378
0.10652,9.417
0.10667,9.456
0.10686,9.5
0.10706,9.548
0.10726,9.596
0.10745,9.644
0.10765,9.692
0.10785,9.739
0.10805,9.786
0.10825,9.834
0.10845,9.881
0.10865,9.928
0.10885,9.975
0.10904,10.021
0.10924,10.068
0.10944,10.115
0.10964,10.161
0.10984,10.208
0.11004,10.254
0.11024,10.3
0.11044,10.346
0.11064,10.392
0.11083,10.438
0.11103,10.484
0.11123,10.53
0.11143,10.576
0.11163,10.622
0.11183,10.668
0.11203,10.714
0.11223,10.759
0.11243,10.805
0.11262,10.851
0.11282,10.896
0.11302,10.942
0.11322,10.987
0.11342,11.034
0.11367,11.09
0.11392,11.147
0.11417,11.204
0.11442,11.261
0.11467,11.317
0.11492,11.374
0.11516,11.43
0.11541,11.487
0.11566,11.544
0.11591,11.6
0.11616,11.657
0.11641,11.713
0.11666,11.77
0.1169,11.826
0.11715,11.883
0.1174,11.939
0.11765,11.996
0.1179,12.052
0.11815,12.109
0.1184,12.165
0.11864,12.222
0.11889,12.278
0.11914,12.335
0.11939,12.392
0.11964,12.448
0.11989,12.505
0.12014,12.561
0.12038,12.618
0.12063,12.675
0.12088,12.731
0.12113,12.788
0.12138,12.845
0.12163,12.901
0.12188,12.958
0.12212,13.015
0.12241,13.08
0.12272,13.151
0.12303,13.222
0.12334,13.293
0.12365,13.365
0.12396,13.436
0.12427,13.507
0.12459,13.579
0.1249,13.65
0.12521,13.721
0.12552,13.793
0.12583,13.864
0.12614,13.936
0.12645,14.008
0.12676,14.079
0.12707,14.151
0.12738,14.223
0.12769,14.295
0.128,14.367
0.12831,14.439
0.12862,14.511
0.12893,14.583
0.12925,14.655
0.12956,14.727
0.12987,14.8
0.13018,14.872
0.13049,14.945
0.1308,15.017
0.13111,15.09
0.13142,15.162
0.13173,15.235
0.13204,15.308
0.13235,15.381
0.13266,15.454
0.13297,15.527
0.13335,15.616
0.13374,15.708
0.13413,15.799
0.13452,15.891
0.13491,15.983
0.1353,16.075
0.13569,16.167
0.13607,16.259
0.13646,16.351
0.13685,16.443
0.13724,16.536
0.13763,16.628
0.13802,16.721
0.1384,16.814
0.13879,16.907
0.13918,17
0.13957,17.093
0.13996,17.186
0.14035,17.28
0.14073,17.373
0.14112,17.467
0.14151,17.561
0.1419,17.655
0.14229,17.749
0.14268,17.843
0.14306,17.937
0.14345,18.031
0.14384,18.126
0.14423,18.221
0.14462,18.315
0.14501,18.41
0.14539,18.505
0.14578,18.6
0.14617,18.696
0.14656,18.791
0.14697,18.891
0.14745,19.011
0.14794,19.13
0.14842,19.25
0.14891,19.371
0.1494,19.491
0.14988,19.611
0.15037,19.732
0.15085,19.853
0.15134,19.974
0.15182,20.095
0.15231,20.217
0.15279,20.339
0.15328,20.461
0.15376,20.583
0.15425,20.705
0.15474,20.828
0.15522,20.95
0.15571,21.073
0.15619,21.196
0.15668,21.32
0.15716,21.443
0.15765,21.567
0.15813,21.691
0.15862,21.815
0.1591,21.939
0.15959,22.064
0.16008,22.189
0.16056,22.314
0.16105,22.439
0.16153,22.564
0.16202,22.69
0.1625,22.816
0.16299,22.942
0.16347,23.068
0.16396,23.194
0.16444,23.321
0.16493,23.448
0.16542,23.575
0.1659,23.702
0.16639,23.83
0.16687,23.957
0.16736,24.085
0.16784,24.214
0.16833,24.342
0.16881,24.47
0.1693,24.599
0.16979,24.728
0.17027,24.857
0.17076,24.987
0.17124,25.116
0.17173,25.246
0.17221,25.376
0.1727,25.506
0.17318,25.637
0.17367,25.768
0.17415,25.898
0.17474,26.056
0.17534,26.22
0.17595,26.385
0.17656,26.55
0.17716,26.715
0.17777,26.88
0.17838,27.046
0.17898,27.213
0.17959,27.379
0.1802,27.546
0.18081,27.714
0.18141,27.881
0.18202,28.049
0.18263,28.218
0.18323,28.386
0.18384,28.555
0.18445,28.725
0.18505,28.895
0.18566,29.065
0.18627,29.235
0.18687,29.406
0.18748,29.577
0.18809,29.748
0.18869,29.92
0.1893,30.092
0.18991,30.265
0.19052,30.438
0.19112,30.611
0.19173,30.785
0.19234,30.959
0.19294,31.133
0.19355,31.308
0.19416,31.483
0.19476,31.658
0.19537,31.834
0.19598,32.01
0.19658,32.186
0.19719,32.363
0.1978,32.54
0.1984,32.717
0.19901,32.895
0.19962,33.073
0.20009,33.211
0.20073,33.399
0.2014,33.599
0.20208,33.8
0.20276,34.001
0.20344,34.203
0.20411,34.405
0.20479,34.607
0.20547,34.81
0.20615,35.013
0.20683,35.217
0.2075,35.421
0.20818,35.626
0.20886,35.831
0.20954,36.037
0.21022,36.243
0.21089,36.449
0.21157,36.656
0.21225,36.864
0.21293,37.071
0.21361,37.28
0.21428,37.488
0.21496,37.698
0.21564,37.907
0.21632,38.117
0.217,38.328
0.21767,38.539
0.21835,38.75
0.21903,38.962
0.21971,39.175
0.22039,39.388
0.22106,39.601
0.22174,39.815
0.22242,40.029
0.2231,40.243
0.22378,40.459
0.22445,40.674
0.22513,40.89
0.22581,41.107
0.22649,41.324
0.22717,41.541
0.22784,41.759
0.22852,41.977
0.2292,42.196
0.22988,42.415
0.23055,42.635
0.23128,42.871
0.23213,43.147
0.23298,43.424
0.23383,43.701
0.23467,43.979
0.23552,44.258
0.23637,44.537
0.23722,44.817
0.23806,45.098
0.23891,45.38
0.23976,45.662
0.24061,45.945
0.24145,46.229
0.2423,46.513
0.24315,46.798
0.244,47.084
0.24484,47.37
0.24569,47.658
0.24654,47.946
0.24739,48.234
0.24823,48.524
0.24908,48.814
0.24993,49.105
0.25077,49.396
0.25162,49.688
0.25247,49.981
0.25332,50.275
0.25416,50.569
0.25501,50.864
0.25586,51.16
0.25671,51.456
0.25755,51.754
0.2584,52.052
0.25925,52.35
0.2601,52.649
0.26094,52.949
0.26179,53.25
0.26264,53.551
0.26349,53.853
0.26433,54.156
0.26518,54.46
0.26603,54.764
0.26688,55.069
0.26772,55.374
0.26857,55.68
0.26942,55.987
0.27027,56.295
0.27111,56.603
0.27196,56.912
0.27281,57.222
0.27366,57.532
0.2745,57.843
0.27535,58.155
0.2762,58.468
0.27705,58.781
0.27789,59.094
0.27874,59.409
0.27959,59.724
0.28044,60.04
0.28128,60.356
0.28213,60.674
0.28298,60.991
0.28393,61.35
0.28499,61.749
0.28605,62.149
0.28711,62.55
0.28817,62.953
0.28923,63.356
0.29029,63.76
0.29135,64.166
0.29241,64.572
0.29346,64.979
0.29452,65.388
0.29558,65.797
0.29664,66.208
0.2977,66.619
0.29876,67.032
0.29982,67.445
0.30074,67.802
0.30165,68.162
0.30257,68.522
0.30349,68.883
0.3044,69.245
0.30532,69.608
0.30635,70.016
0.3075,70.471
0.30865,70.928
0.30979,71.385
0.31094,71.844
0.31209,72.303
0.31323,72.764
0.31438,73.226
0.31553,73.689
0.31667,74.153
0.31782,74.618
0.31897,75.084
0.32011,75.551
0.32126,76.02
0.32241,76.489
0.32355,76.959
0.3247,77.431
0.32585,77.903
0.32699,78.377
0.32814,78.851
0.32929,79.327
0.33043,79.803
0.33158,80.281
0.33273,80.759
0.33387,81.239
0.33502,81.719
0.33617,82.201
0.33731,82.683
0.33846,83.167
0.33961,83.651
0.34075,84.136
0.3419,84.622
0.34305,85.109
0.34419,85.597
0.34534,86.086
0.34649,86.576
0.34763,87.067
0.34878,87.558
0.34993,88.051
0.35107,88.544
0.35222,89.038
0.35337,89.533
0.35451,90.029
0.35566,90.525
0.35681,91.023
0.35795,91.521
0.3591,92.02
0.36025,92.52
0.36139,93.021
0.36254,93.522
0.36369,94.024
0.36483,94.527
0.36598,95.031
0.36713,95.535
0.36827,96.04
0.36942,96.546
0.37057,97.053
0.37171,97.56
0.37286,98.068
0.37401,98.576
0.37515,99.086
0.3763,99.595
0.37745,100.11
0.37859,100.62
0.37974,101.13
0.38089,101.64
0.38203,102.15
0.38344,102.78
0.38487,103.43
0.3863,104.07
0.38774,104.72
0.38917,105.36
0.3906,106.01
0.39204,106.65
0.39347,107.3
0.3949,107.95
0.39634,108.6
0.39777,109.25
0.3992,109.9
0.40064,110.55
0.40207,111.21
0.4035,111.86
0.40494,112.51
0.40637,113.17
0.4078,113.82
0.40924,114.48
0.41067,115.13
0.4121,115.79
0.41354,116.45
0.41497,117.1
0.4164,117.76
0.41784,118.42
0.41927,119.08
0.4207,119.74
0.42214,120.4
0.42357,121.06
0.425,121.72
0.42644,122.38
0.42787,123.04
0.4293,123.7
0.43074,124.36
0.43217,125.02
0.4336,125.68
0.43504,126.35
0.43647,127.01
0.4379,127.67
0.43934,128.33
0.44077,129
0.4422,129.66
0.44364,130.32
0.44507,130.98
0.4465,131.65
0.44794,132.31
0.44937,132.97
0.4508,133.63
0.45224,134.29
0.45367,134.96
0.4551,135.62
0.45654,136.28
0.45797,136.94
0.4594,137.6
0.46084,138.27
0.46227,138.93
0.4637,139.59
0.46514,140.25
0.46657,140.91
0.468,141.57
0.46944,142.23
0.47087,142.89
0.4723,143.55
0.47374,144.21
0.47517,144.87
0.4766,145.52
0.47804,146.18
0.47954,146.87
0.48133,147.69
0.48312,148.51
0.48492,149.33
0.48671,150.15
0.4885,150.97
0.49029,151.79
0.49208,152.6
0.49387,153.42
0.49567,154.23
0.49746,155.05
0.49925,155.86
0.50035,156.35
0.50192,157.07
0.50353,157.79
0.50514,158.52
0.50675,159.25
0.50836,159.97
0.50997,160.69
0.51158,161.42
0.51319,162.14
0.5148,162.86
0.51641,163.58
0.51802,164.3
0.51963,165.01
0.52124,165.73
0.52285,166.44
0.52446,167.16
0.52607,167.87
0.52768,168.58
0.52929,169.29
0.5309,170
0.53251,170.71
0.53412,171.42
0.53577,172.14
0.53778,173.02
0.53979,173.9
0.5418,174.77
0.54382,175.65
0.54583,176.52
0.54784,177.39
0.54985,178.26
0.55186,179.12
0.55388,179.99
0.55589,180.85
0.5579,181.71
0.55991,182.56
0.56192,183.42
0.56394,184.27
0.56595,185.12
0.56796,185.97
0.56997,186.81
0.57198,187.66
0.574,188.5
0.57601,189.34
0.57802,190.17
0.58003,191.01
0.58204,191.84
0.58406,192.67
0.58607,193.5
0.58808,194.32
0.59009,195.14
0.5921,195.96
0.59412,196.78
0.59613,197.6
0.59814,198.41
0.60015,199.22
0.60217,200.03
0.60418,200.83
0.60619,201.64
0.6082,202.44
0.61021,203.24
0.61223,204.03
0.61424,204.83
0.61625,205.62
0.61826,206.41
0.62027,207.19
0.62229,207.98
0.6243,208.76
0.62631,209.54
0.62832,210.32
0.63033,211.09
0.63235,211.87
0.63436,212.64
0.63637,213.41
0.63838,214.17
0.64039,214.93
0.64241,215.7
0.64442,216.46
0.64643,217.21
0.64844,217.97
0.65045,218.72
0.65247,219.47
0.65448,220.22
0.65649,220.96
0.6585,221.71
0.66051,222.45
0.66278,223.28
0.66529,224.2
0.66781,225.12
0.67032,226.03
0.67284,226.94
0.67535,227.85
0.67787,228.75
0.68038,229.66
0.6829,230.55
0.68541,231.45
0.68793,232.34
0.69044,233.23
0.69296,234.12
0.69547,235
0.69799,235.88
0.7005,236.75
0.703,237.62
0.70549,238.48
0.70798,239.34
0.71047,240.2
0.71296,241.06
0.71545,241.91
0.71795,242.76
0.72044,243.61
0.72293,244.45
0.72542,245.29
0.72791,246.13
0.7304,246.97
0.7329,247.81
0.73539,248.64
0.73788,249.47
0.74037,250.3
0.74286,251.12
0.74535,251.95
0.74785,252.77
0.75034,253.59
0.75283,254.4
0.75532,255.22
0.75781,256.03
0.76031,256.84
0.7628,257.65
0.76529,258.45
0.76778,259.26
0.77027,260.06
0.77276,260.86
0.77526,261.66
0.77775,262.46
0.78024,263.25
0.78273,264.04
0.78522,264.83
0.78771,265.62
0.79021,266.41
0.7927,267.2
0.79519,267.98
0.79768,268.76
0.8,269.49
0.80219,270.17
0.80502,271.06
0.80786,271.94
0.8107,272.82
0.81354,273.7
0.81638,274.58
0.81922,275.46
0.82206,276.33
0.8249,277.21
0.82774,278.08
0.83058,278.94
0.83342,279.81
0.83626,280.68
0.8391,281.54
0.84194,282.4
0.84478,283.26
0.84762,284.12
0.85046,284.98
0.8533,285.84
0.85613,286.69
0.85897,287.54
0.86181,288.39
0.86465,289.24
0.86749,290.09
0.87033,290.94
0.87317,291.78
0.87601,292.63
0.87885,293.47
0.88169,294.31
0.88453,295.15
0.88737,295.99
0.89021,296.83
0.89305,297.66
0.89589,298.5
0.89873,299.33
0.90157,300.16
0.90441,300.99
0.90724,301.82
0.91008,302.65
0.91292,303.48
0.91576,304.31
0.9186,305.13
0.92144,305.96
0.92428,306.78
0.92712,307.6
0.92996,308.42
0.9328,309.24
0.93564,310.06
0.93848,310.88
0.94132,311.7
0.94416,312.51
0.947,313.33
0.94984,314.14
0.95268,314.95
0.95552,315.77
0.95836,316.58
0.96119,317.39
0.96403,318.2
0.96687,319
0.96971,319.81
0.97255,320.62
0.97539,321.42
0.97823,322.23
0.98107,323.03
0.98391,323.83
0.98675,324.64
0.98959,325.44
0.99243,326.24
0.99527,327.04
0.99811,327.83
1.0008,328.6
1.0038,329.42
1.0067,330.24
1.0096,331.06
