5e-10,0.16626654028436
2.1283e-08,0.16594438908064
1.9229e-07,0.16344306710175
4.8372e-07,0.159534286586696
8.3067e-07,0.155672505326332
1.247e-06,0.151779636230558
1.7132e-06,0.148048083980684
2.2553e-06,0.144486104046243
2.9194e-06,0.140637782535211
3.6648e-06,0.137078926791478
4.5118e-06,0.133703585887934
5.5706e-06,0.130134607792208
6.7617e-06,0.126702764230864
8.1183e-06,0.123443415199364
9.7727e-06,0.120077584974577
1.1675e-05,0.116829850474383
1.3795e-05,0.113818643623693
1.638e-05,0.110781607266932
1.9288e-05,0.107836190401753
2.2519e-05,0.105097137199731
2.6396e-05,0.102343992859259
3.0435e-05,0.0999390409193825
3.5484e-05,0.0974480687519747
4.0533e-05,0.0953156214026483
4.6591e-05,0.093178225284738
5.2902e-05,0.0912977515036247
5.9529e-05,0.0896650243373494
6.7417e-05,0.0879930994699887
7.5306e-05,0.0866115852541159
8.3194e-05,0.0854250146853433
9.3055e-05,0.0842294960025999
0.00010292,0.0832338358991283
0.00011278,0.0823975072729454
0.00012362,0.0816382184544139
0.00013595,0.0809586971939631
0.00014828,0.0803895312071583
0.00016091,0.0799244659065717
0.00017632,0.0794704605507692
0.00019172,0.0791445967143572
0.0002079,0.0788540919589443
0.00022716,0.0786322492700381
0.00024642,0.0784692191596638
0.00027001,0.0783400809024613
0.00029409,0.0782668730305326
0.00032418,0.0782101117915309
0.00035427,0.0782196755150488
0.00038437,0.0782509056144129
0.00041446,0.0782773034817814
0.00044455,0.0783338112532172
0.00047464,0.078347543707147
0.00050474,0.0784220361106899
0.00053483,0.0785254070784641
0.00056492,0.0785824132897603
0.00059953,0.078626973108946
0.00063714,0.0787396096601691
0.00067476,0.0787917259072581
0.00071238,0.0788519412765957
0.00074999,0.0789329424489796
0.00078761,0.0790067742031687
0.00082522,0.079084597578326
0.00086284,0.079178433066824
0.00090328,0.079286921515282
0.0009503,0.0793466552105629
0.00099732,0.0794496597091301
0.0010443,0.0795568786691023
0.0010914,0.0796499634855191
0.0011384,0.0797585652225083
0.0011854,0.0798857183452211
0.0012395,0.080002643562084
0.0012982,0.0801243400729201
0.001357,0.0802923528112364
0.0014158,0.0804326462737058
0.0014746,0.0805874824031621
0.0015377,0.0806902061538461
0.0016112,0.0808573306715064
0.0016847,0.0810716863125
0.0017582,0.0812702972093023
0.0018316,0.0814527796216216
0.0019051,0.0816189590136986
0.0019786,0.0818137796061269
0.002052,0.0819568150943396
0.0021384,0.0821717552095808
0.0022302,0.0824327304576485
0.002322,0.0826605114954955
0.0024139,0.0829137967131428
0.0025057,0.0831235904730832
0.0025975,0.0833888826031088
0.0026894,0.0836082731851852
0.0027812,0.0838630190560528
0.002873,0.0840742001366292
0.0029649,0.0843325301554315
0.0030567,0.0845598347098892
0.0031485,0.0847872823946646
0.0032404,0.0850138134054054
0.0033322,0.0852541652307692
0.003424,0.085485391553719
0.0035159,0.0857058268396039
0.0036077,0.0859466987578347
0.0036996,0.08616760490887
0.0037914,0.0863791615048119
0.0038832,0.0866095871784814
0.0039751,0.0868248873861066
0.0040807,0.0870846824860968
0.0041955,0.0873610999361963
0.0043103,0.0876130106061315
0.0044251,0.0879160739678284
0.0045399,0.0881817014084507
0.0046546,0.0884323145654835
0.0047694,0.0887005772487805
0.0048842,0.088934378348898
0.004999,0.0891956065700483
0.0051138,0.0894235354141656
0.0052286,0.0896587130131579
0.0053434,0.0899116519652723
0.0054582,0.090182706539336
0.005573,0.0904161573780043
0.0056993,0.090685149375
0.0058428,0.0909373992714704
0.0059863,0.0912336111373146
0.0061298,0.0915225504720407
0.0062732,0.0918095581776133
0.0064167,0.0920736458374792
0.0065602,0.0923610019043589
0.0067037,0.0926069876352583
0.0068472,0.0928558426019418
0.0069979,0.0931434898438661
0.0071773,0.0934753229681979
0.0073566,0.0937090220856423
0.007536,0.094061186304
0.0077154,0.0942943202560976
0.0078947,0.0946529694672489
0.0080741,0.0948773917442668
0.0082534,0.0951491984930233
0.0084328,0.0954627003816794
0.0086122,0.0957146234588665
0.0087915,0.0959443495443925
0.0089709,0.0961722714955157
0.0091503,0.0964348339903069
0.0093296,0.0966911304111859
0.009509,0.0969061597010463
0.0096884,0.0971517330057581
0.0098677,0.0973308068238557
0.010047,0.0975613432078501
0.010226,0.0977636103900129
0.010406,0.0979876758569051
0.010585,0.09816176853076
0.010765,0.0984016519844358
0.010944,0.0985962137226827
0.011123,0.0987944024884995
0.011303,0.0989192072495575
0.011482,0.0991711231318681
0.011661,0.0993541827809269
0.011841,0.0994643156462585
0.01202,0.0996497905889764
0.0122,0.0998501192279412
0.012379,0.100012020876827
0.012558,0.10013847636258
0.012738,0.100279757191393
0.012917,0.100441123446562
0.013096,0.100615129894907
0.013276,0.100756668034728
0.013455,0.100867990871241
0.013634,0.100991803515821
0.013814,0.10116307274871
0.013993,0.101254808363374
0.014173,0.101408310515173
0.014352,0.101558007373272
0.014531,0.101658313679458
0.014711,0.101784299322859
0.01489,0.101881907601476
0.015069,0.102038276472843
0.015249,0.102170841011917
0.015428,0.102228998480805
0.015607,0.102360130119024
0.015787,0.102477338302934
0.015966,0.102566826666667
0.016146,0.102684742090125
0.016325,0.102783749207547
0.016504,0.102912356612184
0.016684,0.102994845537674
0.016863,0.103107725815168
0.017042,0.103175260915868
0.017222,0.103291951706037
0.017401,0.103332840683112
0.01758,0.103465934517611
0.01776,0.103554688937385
0.017939,0.103618447811827
0.018119,0.103703602538021
0.018298,0.103797777539554
0.018477,0.103873861540424
0.018657,0.103937651228733
0.018836,0.104035844458281
0.019015,0.104086096615385
0.019195,0.104177912212928
0.019374,0.104238922604903
0.019554,0.104289824899598
0.019733,0.104376901147734
0.019912,0.104438906313337
0.020092,0.10452194821902
0.020271,0.104577577389816
0.02045,0.104657420909348
0.02063,0.104710669798658
0.020809,0.10478692821933
0.020988,0.104807011625291
0.021168,0.104882335108696
0.021347,0.104933454087237
0.021527,0.104991655557038
0.021706,0.10504288160804
0.021885,0.105089363806528
0.022065,0.105141264202729
0.022244,0.105202906051546
0.022423,0.105245170288781
0.022603,0.105308553003802
0.022782,0.105337896223284
0.022961,0.105390015505113
0.023141,0.105421975522831
0.02332,0.105481273113949
0.0235,0.105503250464238
0.023679,0.105538864288306
0.023858,0.105609472941176
0.024038,0.105648873850554
0.024217,0.105684009256981
0.024396,0.105689085699518
0.024576,0.105728525976904
0.024755,0.105771370647515
0.024935,0.105789811159687
0.025114,0.105837662913953
0.025293,0.105881996063564
0.025473,0.105910223545332
0.025652,0.105926392955411
0.025831,0.105948165280499
0.026011,0.10601210378498
0.02619,0.10603955770499
0.026369,0.106040332037138
0.026549,0.106072113764655
0.026728,0.106102495468278
0.026908,0.106140492998713
0.027087,0.106130568823968
0.027266,0.106163660667727
0.027446,0.10618290969863
0.027625,0.106222446235726
0.027804,0.106248294093135
0.027984,0.106260913946551
0.028163,0.106260417923362
0.028342,0.106279924671174
0.028522,0.106286443806419
0.028701,0.10631451835039
0.028881,0.106317363991131
0.02906,0.106352684318797
0.029239,0.106330709132602
0.029419,0.106373303
0.029598,0.106435071897335
0.029777,0.10643962762279
0.029957,0.106372990734375
0.030136,0.106409162798834
0.030315,0.106443712711799
0.030495,0.106456398063523
0.030674,0.106487890229885
0.030854,0.106497794608198
0.031033,0.106506395840607
0.031212,0.106548509416431
0.031392,0.10645454423662
0.031571,0.106440274362617
0.03175,0.106479315125581
0.03193,0.10646295
0.032109,0.106445598967742
0.032289,0.106559988539945
0.032468,0.106575281462523
0.032647,0.106554647716106
0.032827,0.106568150543478
0.033006,0.106562025965735
0.033185,0.106520134061041
0.033365,0.10653124649866
0.033544,0.106523057402135
0.033723,0.106514236825509
0.033903,0.106504793121693
0.034082,0.106570107332162
0.034262,0.106559114792651
0.034441,0.106529500348432
0.03462,0.106499477162186
0.0348,0.106486896497409
0.034979,0.106582948450947
0.035158,0.106551236287918
0.035338,0.106501536348123
0.035517,0.106469147072217
0.035696,0.106561932680779
0.035876,0.106511035325464
0.036055,0.106459943979849
0.036235,0.106550400441841
0.036414,0.10649843765
0.036593,0.106481785892116
0.036773,0.106447983193388
0.036952,0.106483212504119
0.037131,0.10646575768991
0.037311,0.106395840705882
0.03749,0.106464763436482
0.03767,0.106429909800487
0.037849,0.106481060439774
0.038028,0.106410219391304
0.038208,0.106374975704892
0.038387,0.106424732709832
0.038566,0.106389116426752
0.038746,0.106437907571429
0.038925,0.106385766147036
0.039104,0.106349859628346
0.039284,0.106381366021978
0.039463,0.10632920742455
0.039643,0.106360023133281
0.039822,0.106307779863354
0.040001,0.106337916910217
0.040181,0.106285593085582
0.04036,0.106233408
0.040539,0.10629838132925
0.040719,0.106230564759725
0.040898,0.106259242384791
0.041077,0.106191532936364
0.041257,0.106239975362538
0.041436,0.106172425715576
0.041616,0.106200006427607
0.041795,0.106168298636771
0.041974,0.106180164590164
0.042154,0.106133512249443
0.042333,0.106145042051813
0.042512,0.106113715283186
0.042692,0.106031946110213
0.042871,0.106078798769231
0.04305,0.10599734409635
0.04323,0.106043870908297
0.043409,0.105962726671501
0.043589,0.105994237032538
0.043768,0.105949178351585
0.043947,0.105944792112069
0.044127,0.105900087874016
0.044306,0.105931259743041
0.044485,0.105886889786629
0.044665,0.105882177395745
0.044844,0.105823798829682
0.045024,0.105854679272727
0.045203,0.105796766224719
0.045382,0.105827527764706
0.045562,0.105770073177948
0.045741,0.105786583215031
0.04592,0.105743713331484
0.0461,0.105760193526971
0.046279,0.105703683705031
0.046458,0.105647562
0.046638,0.105664147594521
0.046817,0.1056085056
0.046997,0.105611270654867
0.047176,0.105556147766621
0.047355,0.105572778771313
0.047535,0.105504425429535
0.047714,0.105450180193548
0.047893,0.105488905134048
0.048073,0.105435138557114
0.048252,0.105438402531646
0.048431,0.105385124940239
0.048611,0.105424046129801
0.04879,0.105357817378218
0.04897,0.105292024342105
0.049149,0.105331210015748
0.049328,0.105265985368215
0.049508,0.10520118591395
0.049687,0.105240625373212
0.049866,0.105176379313027
0.050023,0.105176481463478
0.050147,0.105156662616774
0.050271,0.10515001988152
0.050395,0.105098193988439
0.050519,0.105078714230769
0.050643,0.105107707255278
0.050767,0.105088345164751
0.050892,0.105002134150318
0.051016,0.105018395504132
0.05114,0.104999387147208
0.051264,0.104962201541772
0.051388,0.104943444333544
0.051512,0.10492475808575
0.051637,0.104941428687225
0.051761,0.104857011962335
0.051885,0.104873917105263
0.052009,0.104855633208255
0.052133,0.104807234515284
0.052257,0.10478921460523
0.052381,0.104806467288999
0.052506,0.104758787933044
0.05263,0.104741088193069
0.052754,0.104758619747993
0.052878,0.104676509478743
0.053002,0.104681703911439
0.053126,0.104664405156538
0.05325,0.104618182221678
0.053375,0.104636221877751
0.053499,0.104555436760976
0.053623,0.104561248922702
0.053747,0.104579569982989
0.053871,0.104499528087273
0.053995,0.104518057676951
0.05412,0.10446120043452
0.054244,0.104444969956626
0.054368,0.104463770843055
0.054492,0.104407660333533
0.054616,0.104391738107784
0.05474,0.104348432623656
0.054864,0.104355428837209
0.054989,0.104312614272457
0.055113,0.104319860864608
0.055237,0.104242690919431
0.055361,0.104250193646363
0.055485,0.104208369132743
0.055609,0.104216115441696
0.055734,0.104174764455934
0.055858,0.104182751085044
0.055982,0.104107130963136
0.056106,0.104115363546729
0.05623,0.104074968104895
0.056354,0.104022920930233
0.056478,0.104031561743471
0.056603,0.103991943036479
0.056727,0.104000812522543
0.056851,0.103961642020761
0.056975,0.103910915109321
0.057099,0.103920179097071
0.057223,0.103881762333524
0.057347,0.103831846641509
0.057472,0.103841496821918
0.057596,0.103803819908884
0.05772,0.103754700893182
0.057844,0.103764729175269
0.057968,0.103716094879457
0.058092,0.103679442037267
0.058217,0.103631423729577
0.058341,0.103641980058493
0.058465,0.103594434410774
0.058589,0.103558780058231
0.058713,0.103546122502793
0.058837,0.103557184182934
0.058961,0.103510674096828
0.059086,0.103464469525819
0.05921,0.103430047911357
0.059334,0.103418603369818
0.059458,0.103373255457253
0.059582,0.103328205252614
0.059706,0.103340199942857
0.05983,0.103329681414474
0.059955,0.103296703772429
0.060079,0.103252630912664
0.060203,0.103208847124183
0.060327,0.1031993424
0.060451,0.103156105685466
0.060575,0.103113152545455
0.0607,0.103104397062635
0.060824,0.103061980474138
0.060948,0.103053707929032
0.061072,0.103023010738197
0.061196,0.102981378372591
0.06132,0.102973814237179
0.061444,0.102877862768247
0.061569,0.102870886443381
0.061693,0.102830424903979
0.061817,0.102823908660667
0.061941,0.102783952659271
0.062065,0.102777890580917
0.062189,0.102684417842271
0.062314,0.102678920417629
0.062438,0.102684613702618
0.062562,0.102645995786834
0.062686,0.102587644114643
0.06281,0.10254964024961
0.062934,0.10254532166684
0.063058,0.102488130335404
0.063183,0.102484326997934
0.063307,0.102447374251546
0.063431,0.10239132074036
0.063555,0.102388244194972
0.063679,0.102299718282497
0.063803,0.102297161466803
0.063927,0.102253439682119
0.064052,0.102251357923742
0.064176,0.10219761474645
0.0643,0.102162910821862
0.064424,0.10210994980313
0.064548,0.102108849188917
0.064672,0.102056621620101
0.064797,0.102004834442105
0.064921,0.102004486595298
0.065045,0.101964010227545
0.065169,0.101913353310105
0.065293,0.101863124830189
0.065417,0.10186377419227
0.065541,0.101814243962432
0.065666,0.101765133656805
0.06579,0.101716440177078
0.065914,0.101678623371933
0.066038,0.101630735471366
0.066162,0.10161585590625
0.066286,0.101568744625426
0.066411,0.101522035393586
0.066535,0.10148609794668
0.066659,0.101440165618956
0.066783,0.101427052272069
0.066907,0.101381868854668
0.067031,0.101337073405665
0.067155,0.101302947701149
0.06728,0.101291191023411
0.067404,0.101247490432793
0.067528,0.101198503688213
0.067652,0.101155637394026
0.067776,0.101113142418165
0.0679,0.101055432401887
0.068024,0.101023930746353
0.068149,0.101014641712676
0.068273,0.100936504044944
0.068397,0.100927934163475
0.068521,0.100840746768514
0.068645,0.100842972713755
0.068769,0.100788668457831
0.068894,0.100713168926063
0.069018,0.100706393360996
0.069142,0.100653596
0.069266,0.100579659746905
0.06939,0.100573944373285
0.069514,0.100532569007299
0.069638,0.100481749419472
0.069763,0.100441363279492
0.069887,0.100401456868778
0.070011,0.100320738043321
0.070135,0.100281838509451
0.070259,0.100233565529623
0.070383,0.100195615149508
0.070508,0.100158125025
0.070632,0.100111301588602
0.070756,0.100030319467377
0.07088,0.10002544140239
0.071004,0.099980127592053
0.071128,0.0999450098916777
0.071252,0.0998664712467076
0.071377,0.099832356
0.071501,0.0997763176813618
0.071625,0.0997431649629952
0.071749,0.0996671578125
0.071873,0.0996225889121592
0.071997,0.0995909070867501
0.072121,0.09954743632358
0.072246,0.0994739673204633
0.07237,0.0994317224294269
0.072494,0.0993595692588486
0.072618,0.0993185280816326
0.072742,0.0992476676490038
0.072866,0.0992078085545224
0.072991,0.0991685080151706
0.073115,0.0990995201747899
0.073239,0.0990613705136154
0.073363,0.0989824184718163
0.073487,0.0989454872972523
0.073611,0.0989184557061021
0.073735,0.0988416592056268
0.07386,0.0988064307871287
0.073984,0.0987404191776316
0.074108,0.0986658850918033
0.074232,0.0986324426775644
0.074356,0.0985685989197556
0.07448,0.0984962648038977
0.074604,0.098424709631728
0.074729,0.0983926746268657
0.074853,0.0983225797635706
0.074977,0.0982624091158316
0.075101,0.0981839580623003
0.075225,0.0981253207452229
0.075349,0.0980966471238095
0.075474,0.0980206885836299
0.075598,0.0979641864501379
0.075722,0.0978989915255302
0.075846,0.0978256178207436
0.07597,0.0977713296917675
0.076094,0.097708614214619
0.076218,0.0976467343355289
0.076343,0.0975856813436293
0.076467,0.097525446648711
0.076591,0.0974286641625144
0.076715,0.0973701915813598
0.076839,0.0973125108945565
0.076963,0.0972472009829352
0.077088,0.0971544510510011
0.077212,0.0970993308253012
0.077336,0.0970368417344336
0.07746,0.0969470736860986
0.077584,0.0968952799523455
0.077708,0.0968355926394659
0.077832,0.0967487916097561
0.077957,0.0966909535493372
0.078081,0.0966072651177117
0.078205,0.0965513041841432
0.078329,0.0964697568209607
0.078453,0.0963806839985502
0.078577,0.0963013968953069
0.078701,0.0962145964185545
0.078826,0.0961375160974212
0.07895,0.0960888936625044
0.079074,0.0960053224093816
0.079198,0.0959246685605095
0.079322,0.0958518527120197
0.079446,0.0957735353808354
0.079571,0.0956879285284865
0.079695,0.0955850613351897
0.079819,0.0955103723812825
0.079943,0.0954039000248447
0.080067,0.0953316546639175
0.080191,0.0952545677180978
0.080315,0.0951846315393527
0.08044,0.0950835212157395
0.080564,0.0950185445227963
0.080688,0.0949201293207801
0.080812,0.0948175861606426
0.080936,0.0947481454208597
0.08106,0.0946567324179104
0.081185,0.0945585500957412
0.081309,0.0944618476345711
0.081433,0.0943747948263003
0.081557,0.0942502815546875
0.081681,0.0941918550719378
0.081805,0.0940705754840374
0.081929,0.0939846179922978
0.082054,0.0938920631172149
0.082178,0.0937837770247934
0.082302,0.0936727038557875
0.082426,0.0935805108370044
0.08255,0.0934728987952411
0.082674,0.0933670127028037
0.082798,0.0932876903360198
0.082923,0.0931811276447733
0.083047,0.0930517153619632
0.083171,0.0929409629148611
0.083295,0.0928399051111111
0.083419,0.0927369789130435
0.083543,0.0926116402306306
0.083668,0.0925125440573477
0.083792,0.0923989675793226
0.083916,0.0922762908691285
0.08404,0.0921557364747356
0.084164,0.0920372690552147
0.084288,0.091944563323649
0.084412,0.0918035452790295
0.084537,0.0916960635094773
0.084661,0.0915829984900057
0.084785,0.0914460470905478
0.084909,0.0913115075349887
0.085033,0.091186927257223
0.085157,0.0910800514065812
0.085282,0.090950044789357
0.085406,0.090829976092562
0.08553,0.0906798950769231
0.085654,0.0905550701849837
0.085778,0.090417695325223
0.085902,0.0902735264141821
0.086026,0.090132074786229
0.086151,0.0900006838504375
0.086275,0.0898628157376185
0.086399,0.0897276662653756
0.086523,0.0895792221367299
0.086647,0.0894495154028925
0.086771,0.0892765514849962
0.086895,0.0891355387488538
0.08702,0.0889902104639514
0.087144,0.0888254725666918
0.087268,0.0886922264704415
0.087392,0.0885546929829081
0.087516,0.088398282262666
0.08764,0.0882235098251953
0.087765,0.0880728213650024
0.087889,0.0879048553686237
0.088013,0.0877599643276809
0.088137,0.0875772731974402
0.088261,0.0874184059393084
0.088385,0.0872425765798319
0.088509,0.0870902945267547
0.088634,0.0869147374344827
0.088758,0.0867297095644242
0.088882,0.0865877052708758
0.089006,0.0863839591703704
0.08913,0.086229692016032
0.089254,0.0860531131345262
0.089378,0.0858616329883899
0.089503,0.0856743623358679
0.089627,0.0854911977763413
0.089751,0.085312344274359
0.089875,0.0851378783262712
0.089999,0.0849491814705882
0.090123,0.0847584892913976
0.090248,0.084561229508982
0.090372,0.0843624115947605
0.090496,0.0841681052124163
0.09062,0.0839957877345133
0.090744,0.0837940735897947
0.090868,0.0835904691015409
0.090992,0.0833987973993735
0.091117,0.0831889955383123
0.091241,0.0830008919307959
0.091365,0.0828014056411428
0.091489,0.0825909589311191
0.091613,0.0824018765362752
0.091737,0.0821804284378589
0.091862,0.0819640728374312
0.091986,0.0817687611416106
0.09211,0.0815645795088225
0.092234,0.0813589579133226
0.092358,0.0811500140582936
0.092482,0.0809397445669291
0.092606,0.0807217295733842
0.092731,0.0805178908048739
0.092855,0.0802961588239293
0.092979,0.0801034392109072
0.093103,0.079887036252042
0.093227,0.0796710825638825
0.093351,0.0794661467307504
0.093475,0.0792615399630889
0.0936,0.0790489646604681
0.093724,0.0788287535161905
0.093848,0.0786340367351045
0.093972,0.0784053198156911
0.094096,0.0782093955603515
0.09422,0.0779923110682338
0.094345,0.0777877634938776
0.094469,0.0775761283832335
0.094593,0.0773691736207561
0.094717,0.0771799922643172
0.094841,0.076983796478185
0.094965,0.0767750375474579
0.095089,0.076570789167475
0.095214,0.0763709232301823
0.095338,0.07617349702267
0.095462,0.0759534867152556
0.095586,0.0757421574469136
0.09571,0.0755374305790331
0.095834,0.075305510733871
0.095959,0.0750882954828412
0.096083,0.0748582840189573
0.096207,0.074647045008469
0.096331,0.0744251216340425
0.096455,0.07420789111321
0.096579,0.0739952111484523
0.096703,0.0737869451377111
0.096828,0.0735682848142645
0.096952,0.0733630382942619
0.097076,0.0731618556192326
0.0972,0.0729646195064935
0.097324,0.0727657133454025
0.097448,0.0725846144849557
0.097572,0.0723908673415946
0.097697,0.0722144917145505
0.097821,0.0720358980826636
0.097945,0.0718583416551724
0.098069,0.0716838700302346
0.098193,0.0715204026590604
0.098317,0.0713596911708074
0.098442,0.0711995322213178
0.098566,0.0710497456903437
0.09869,0.0708925519086481
0.098814,0.070745452632732
0.098938,0.0706006417419286
0.099062,0.0704601875986042
0.099186,0.070324987093199
0.099311,0.0701917866369413
0.099435,0.0700584182116041
0.099559,0.0699216783000308
0.099683,0.0697992288584829
0.099807,0.0696763728262454
0.099931,0.0695590454384553
0.10004,0.0694518309085457
0.10017,0.0693336962573215
0.1003,0.069226078296026
0.10043,0.0691036899827586
0.10055,0.0689968811947445
0.10068,0.0688981182872063
0.10081,0.0687867006191986
0.10093,0.0686797434660046
0.10106,0.0685892106628701
0.10119,0.0684860451079245
0.10132,0.0683892446410352
0.10144,0.0682999656530251
0.10157,0.0682065683099166
0.1017,0.0681172953571692
0.10183,0.0680290366838922
0.10195,0.0679428243553531
0.10208,0.0678626556524103
0.10222,0.0677712047014321
0.10238,0.0676677946065486
0.10254,0.0675687813913971
0.1027,0.0674790562111955
0.10286,0.0673833650657075
0.10302,0.0672939333901674
0.10317,0.0672036117328482
0.10333,0.0671144097654959
0.10349,0.0670347148195431
0.10365,0.0669456017758122
0.10381,0.0668708647182956
0.10397,0.0667843431346445
0.10413,0.0667169740987716
0.10429,0.0666428565712861
0.10445,0.0665676051364838
0.10461,0.0664955976536313
0.10477,0.0664293730686275
0.10492,0.0663565260935976
0.10508,0.0662951931436884
0.10524,0.0662241735394261
0.1054,0.0661641693230991
0.10556,0.0660975964667144
0.10572,0.0660388799031569
0.10588,0.0659738477153652
0.10604,0.0659144262510768
0.1062,0.065855606687237
0.10636,0.0658024812876415
0.10652,0.0657498805023916
0.10667,0.0656928225076002
0.10686,0.0656306937934193
0.10706,0.0655618929715456
0.10726,0.0655038030432224
0.10745,0.0654414851841632
0.10765,0.0653798245343671
0.10785,0.0653219093742495
0.10805,0.0652598417298253
0.10825,0.0652146715286185
0.10845,0.0651586580725842
0.10865,0.0650983399144865
0.10885,0.0650482582702703
0.10904,0.0649968956172043
0.10924,0.0649479028147726
0.10944,0.0649040405574073
0.10964,0.0648493484119639
0.10984,0.0648064439031647
0.11004,0.064762193873089
0.11024,0.0647139043333333
0.11044,0.0646705829465248
0.11064,0.064632144960198
0.11083,0.0645896729296218
0.11103,0.0645471326190282
0.11123,0.0645098562118236
0.11143,0.0644729465401617
0.11163,0.0644363982184671
0.11183,0.0644002059661017
0.11203,0.064368639034666
0.11223,0.0643313932322538
0.11243,0.0642913519515885
0.11262,0.0642649331219065
0.11282,0.0642286780388375
0.11302,0.0641986287435465
0.11322,0.0641671613821422
0.11342,0.0641393643192392
0.11367,0.0640983038374545
0.11392,0.0640634548467598
0.11417,0.0640330430386657
0.11442,0.0639981195508922
0.11467,0.063962725123969
0.11492,0.0639333388173005
0.11516,0.0638986817280593
0.11541,0.0638738861329071
0.11566,0.0638493543529412
0.11591,0.0638195805121343
0.11616,0.0637955928463214
0.11641,0.0637664123187481
0.11666,0.0637467682198671
0.1169,0.0637133146533238
0.11715,0.0636941194263364
0.1174,0.0636697859433962
0.11765,0.0636510040126716
0.1179,0.0636308454147452
0.11815,0.0636124445373758
0.1184,0.063592674604092
0.11864,0.0635746434782609
0.11889,0.0635552509128369
0.11914,0.0635411974028933
0.11939,0.0635308802176624
0.11964,0.0635119753596209
0.11989,0.0634983287671233
0.12014,0.063483305230219
0.12038,0.0634686438634038
0.12063,0.063458883464349
0.12088,0.0634442299750937
0.12113,0.0634346719956121
0.12138,0.0634252016848657
0.12163,0.0634109026493478
0.12188,0.0634050566998864
0.12212,0.063399263019498
0.12241,0.0633881303097203
0.12272,0.0633790096849622
0.12303,0.0633699895949126
0.12334,0.0633644079251568
0.12365,0.0633636275435102
0.12396,0.0633581399931175
0.12427,0.0633527110691837
0.12459,0.0633520052768635
0.1249,0.0633499168779186
0.12521,0.0633446165445635
0.12552,0.0633471808634978
0.12583,0.0633451497156714
0.12614,0.0633476850084439
0.12645,0.0633533624235635
0.12676,0.0633513307274989
0.12707,0.0633569328588119
0.12738,0.0633624792475247
0.12769,0.0633679707214979
0.128,0.0633734080922792
0.12831,0.0633818683479105
0.12862,0.06338718513466
0.12893,0.0633954974276101
0.12925,0.0634037301923077
0.12956,0.0634118845646544
0.12987,0.0634272525422926
0.13018,0.0634352194432863
0.13049,0.0634503354079429
0.1308,0.0634610855715153
0.13111,0.063475943224186
0.13142,0.0634864774654382
0.13173,0.0635040104060469
0.13204,0.0635184713151037
0.13235,0.0635357032880241
0.13266,0.063552781683885
0.13297,0.0635697085466727
0.13335,0.0635963340267459
0.13374,0.0636215149881331
0.13413,0.0636452286477819
0.13452,0.0636698742978648
0.13491,0.0636998682999912
0.1353,0.0637267534516765
0.13569,0.063756134676259
0.13607,0.0637852100455433
0.13646,0.0638139843106796
0.13685,0.0638424621249195
0.13724,0.0638772388485521
0.13763,0.0639105362570117
0.13802,0.0639494662674728
0.1384,0.0639859051339139
0.13879,0.0640219839897852
0.13918,0.0640577081441366
0.13957,0.0640957398406434
0.13996,0.0641334043843393
0.14035,0.0641744208638528
0.14073,0.0642139729893756
0.14112,0.0642542174421082
0.14151,0.0643041566687176
0.1419,0.0643462182159549
0.14229,0.0643904706595548
0.14268,0.0644343167932934
0.14306,0.0644777621874826
0.14345,0.0645233646593615
0.14384,0.0645721200765565
0.14423,0.0646204396825969
0.14462,0.0646722208875878
0.14501,0.064722211166984
0.14539,0.0647717643263948
0.14578,0.0648233832190461
0.14617,0.0648755402315216
0.14656,0.0649287514397678
0.14697,0.0649838878206776
0.14745,0.0650577791015962
0.14794,0.0651226228332769
0.14842,0.0651926185289163
0.14891,0.0652676945764934
0.1494,0.0653386561831857
0.14988,0.0654162662952995
0.15037,0.0654915220688896
0.15085,0.0655684239662724
0.15134,0.0656445716770186
0.15182,0.0657249531424854
0.15231,0.0658052528814388
0.15279,0.0658871408931371
0.15328,0.0659682527981187
0.15376,0.0660509418929002
0.15425,0.0661378682181433
0.15474,0.0662245393131654
0.15522,0.0663072511821488
0.15571,0.0663946707252977
0.15619,0.0664863362794953
0.15668,0.0665776172361202
0.15716,0.0666649802366197
0.15765,0.0667569507309665
0.15813,0.0668531806506845
0.15862,0.0669458347207812
0.1591,0.0670399575897903
0.15959,0.0671363258481089
0.16008,0.0672369709711761
0.16056,0.0673339753593813
0.16105,0.0674324133426295
0.16153,0.0675300441370189
0.16202,0.0676349778279768
0.1625,0.0677362090437178
0.16299,0.0678388427538627
0.16347,0.0679458044064422
0.16396,0.0680490311464869
0.16444,0.0681543739001195
0.16493,0.0682610919237225
0.16542,0.0683721640996893
0.1659,0.0684794438394179
0.16639,0.068588790115403
0.16687,0.0686966204837044
0.16736,0.0688117121542394
0.16784,0.0689258026343058
0.16833,0.0690383832908157
0.16881,0.0691553818539326
0.1693,0.0692691652823734
0.16979,0.0693842807176722
0.17027,0.0695059838636406
0.17076,0.0696244060304625
0.17124,0.069739223613651
0.17173,0.0698602775820321
0.17221,0.0699836696627078
0.1727,0.0701052207746517
0.17318,0.0702265707966486
0.17367,0.0703566656792982
0.17415,0.0704779009923981
0.17474,0.0706277509118008
0.17534,0.0707895358240186
0.17595,0.0709495093925899
0.17656,0.071108205783731
0.17716,0.0712731304921509
0.17777,0.0714356129441103
0.17838,0.0716049050890493
0.17898,0.0717701713644065
0.17959,0.0719357175285826
0.1802,0.0721101747753121
0.18081,0.0722805437664738
0.18141,0.0724546109988814
0.18202,0.0726266427698903
0.18263,0.0728020832373142
0.18323,0.0729792172093973
0.18384,0.0731563210992988
0.18445,0.0733402860503776
0.18505,0.0735195406851046
0.18566,0.0736996236533565
0.18627,0.0738840675345102
0.18687,0.0740683614361711
0.18748,0.074257044131638
0.18809,0.0744409687501242
0.18869,0.0746338787846764
0.1893,0.0748220009204181
0.18991,0.0750134490371626
0.19052,0.0752093716043069
0.19112,0.0754004728529348
0.19173,0.0756006010890177
0.19234,0.07579587948362
0.19294,0.0759899695928918
0.19355,0.0761951648572119
0.19416,0.0763934312455436
0.19476,0.0765983558633646
0.19537,0.0767987533334043
0.19598,0.0770078863666755
0.19658,0.0772100534413461
0.19719,0.077415502844163
0.1978,0.0776277034205888
0.1984,0.0778349481282401
0.19901,0.0780493238507627
0.19962,0.078258717653229
0.20009,0.0784236030731174
0.20073,0.0786523138691317
0.2014,0.0788918194466796
0.20208,0.0791382474882544
0.20276,0.0793793594832432
0.20344,0.0796315159016427
0.20411,0.0798762894363962
0.20479,0.0801277859107175
0.20547,0.0803782871934022
0.20615,0.0806335177884396
0.20683,0.0808856716413074
0.2075,0.0811446527313403
0.20818,0.0814005220568147
0.20886,0.0816632726358042
0.20954,0.0819228769776263
0.21022,0.0821811578336124
0.21089,0.082448461203141
0.21157,0.0827125731241856
0.21225,0.0829839045278694
0.21293,0.0832475057793175
0.21361,0.0835247415804676
0.21428,0.08379217528557
0.21496,0.0840712195984078
0.21564,0.0843425100005883
0.21632,0.0846232305233704
0.217,0.0848985534099273
0.21767,0.0851832071037522
0.21835,0.085460221574344
0.21903,0.0857488436174453
0.21971,0.0860319959335236
0.22039,0.0863225301018684
0.22106,0.0866074528220075
0.22174,0.0868933662259615
0.22242,0.0871888487395466
0.2231,0.0874786916621418
0.22378,0.0877783337188732
0.22445,0.0880701350270889
0.22513,0.0883717155704698
0.22581,0.0886697645666643
0.22649,0.0889733817968705
0.22717,0.0892733951283277
0.22784,0.0895811921758231
0.22852,0.08988325125
0.2292,0.0901952652425576
0.22988,0.0904993939506695
0.23055,0.0908156632697854
0.23128,0.0911452390498526
0.23213,0.0915418312147228
0.23298,0.0919341365677131
0.23383,0.0923338924688481
0.23467,0.0927314857839255
0.23552,0.093136586454198
0.23637,0.0935373978465592
0.23722,0.0939479665926268
0.23806,0.0943612816014736
0.23891,0.0947702099400179
0.23976,0.0951891247949718
0.24061,0.0956014470937607
0.24145,0.096025948176441
0.2423,0.0964439372162803
0.24315,0.0968720198692751
0.244,0.0972956364560646
0.24484,0.0977273762560145
0.24569,0.0981640811272941
0.24654,0.0985942121352727
0.24739,0.0990326252766323
0.24823,0.0994707928490834
0.24908,0.0999151093683334
0.24993,0.100357109419381
0.25077,0.100805356791381
0.25162,0.101251273515161
0.25247,0.101705571532034
0.25332,0.102157519280016
0.25416,0.102618197758201
0.25501,0.103071933035096
0.25586,0.103538827970982
0.25671,0.10400454721856
0.25755,0.104467581344282
0.2584,0.104941940634351
0.25925,0.105407231986718
0.2601,0.105883657270251
0.26094,0.106357668453375
0.26179,0.106840582969432
0.26264,0.107316699449379
0.26349,0.107801805020198
0.26433,0.108284454255549
0.26518,0.108778578308344
0.26603,0.109263460242786
0.26688,0.109759920809568
0.26772,0.110251909444663
0.26857,0.110753193883279
0.26942,0.111247129866894
0.27027,0.111755305424483
0.27111,0.11225410257555
0.27196,0.112767280920277
0.27281,0.113273021178651
0.27366,0.113786360066403
0.2745,0.114297145168114
0.27535,0.114817616516289
0.2762,0.115333023766659
0.27705,0.115858744578171
0.27789,0.116374889159322
0.27874,0.116896603074569
0.27959,0.117428811838632
0.28044,0.117955873653137
0.28128,0.118491011640347
0.28213,0.119022920658077
0.28298,0.119563616050895
0.28393,0.120166485712442
0.28499,0.120845331648149
0.28605,0.121521071865499
0.28711,0.122206771643104
0.28817,0.122900556956872
0.28923,0.123584003921612
0.29029,0.124282927395994
0.29135,0.124975357373591
0.29241,0.125678831459499
0.29346,0.12637648005278
0.29452,0.12708924403499
0.29558,0.127794206766731
0.29664,0.128511725411965
0.2977,0.129224139648008
0.29876,0.129949263828418
0.29982,0.130663725841077
0.30074,0.131295438955073
0.30165,0.131922471317403
0.30257,0.132558805673743
0.30349,0.133189314557885
0.3044,0.133834015015588
0.30532,0.134470013414169
0.30635,0.135196717202314
0.3075,0.135994618563364
0.30865,0.136811506615707
0.30979,0.137617283065209
0.31094,0.138436433689124
0.31209,0.139247292103697
0.31323,0.140074630614351
0.31438,0.140895572108998
0.31553,0.141728292353165
0.31667,0.142554553088862
0.31782,0.143392745637299
0.31897,0.144221377571483
0.32011,0.145068172509034
0.32126,0.14590419212495
0.32241,0.146753587927368
0.32355,0.147596335947167
0.3247,0.148453399232797
0.32585,0.149298696137441
0.32699,0.150161585757741
0.32814,0.151009442517377
0.32929,0.151878237286284
0.33043,0.152731869785882
0.33158,0.153591905672645
0.33273,0.154462931692514
0.33387,0.155328886260345
0.33502,0.156202720324456
0.33617,0.157071383729781
0.33731,0.157951328606931
0.33846,0.158822712967616
0.33961,0.159705508221483
0.34075,0.160581059279528
0.3419,0.161454592504078
0.34305,0.162345034062007
0.34419,0.163221294812932
0.34534,0.164114628096774
0.34649,0.164993611536842
0.34763,0.165877376127529
0.34878,0.166773109711709
0.34993,0.167656144258565
0.35107,0.168554760156693
0.35222,0.169438602913944
0.35337,0.170327308951138
0.35451,0.171226648132033
0.35566,0.172112608032664
0.35681,0.173001778815494
0.35795,0.17390341209368
0.3591,0.174789727464258
0.36025,0.175680969436435
0.36139,0.176583099472279
0.36254,0.177471412917448
0.36369,0.178374384137656
0.36483,0.179261577761685
0.36598,0.180153744887883
0.36713,0.181055112732859
0.36827,0.18194041438247
0.36942,0.182826911912385
0.37057,0.183728392156334
0.37171,0.184615451594852
0.37286,0.185499861136547
0.37401,0.186397525588685
0.37515,0.18728044062662
0.3763,0.188160699146304
0.37745,0.189051523674719
0.37859,0.189942462779179
0.37974,0.190818418103149
0.38089,0.191689618343212
0.38203,0.192570464884503
0.38344,0.193642201841888
0.38487,0.194742285097417
0.3863,0.19583683919644
0.38774,0.19692609907468
0.38917,0.197995087466667
0.3906,0.199092246814985
0.39204,0.200150159526598
0.39347,0.201217042417772
0.3949,0.202297480569518
0.39634,0.203357038666694
0.39777,0.204410760159771
0.3992,0.205469801142015
0.40064,0.206511758521124
0.40207,0.207566393949003
0.4035,0.208607702126235
0.40494,0.209627325008872
0.40637,0.210659400552579
0.4078,0.211666637526361
0.40924,0.21270215448489
0.41067,0.213692562852267
0.4121,0.214695146194216
0.41354,0.215691283548564
0.41497,0.216674293392195
0.4164,0.217657498112673
0.41784,0.218625304218864
0.41927,0.219607350900321
0.4207,0.220561891011127
0.42214,0.22150970340662
0.42357,0.222446282089684
0.425,0.22337604217139
0.42644,0.224315772612071
0.42787,0.225227363278649
0.4293,0.226132023180636
0.43074,0.227025190687788
0.43217,0.227928441411558
0.4336,0.228803082482022
0.43504,0.229688828571428
0.43647,0.230544695460883
0.4379,0.231393427385622
0.43934,0.232247818886799
0.44077,0.233091133621968
0.4422,0.233913744517301
0.44364,0.23471988462066
0.44507,0.235518758438717
0.4465,0.236323664588734
0.44794,0.237121061914005
0.44937,0.237888774555703
0.4508,0.238644491694508
0.45224,0.239392857478303
0.45367,0.240151661984115
0.4551,0.240875919508783
0.45654,0.241610904772212
0.45797,0.242315759428571
0.4594,0.243013222627512
0.46084,0.243716223817824
0.46227,0.244389467551091
0.4637,0.245055315662845
0.46514,0.245709065372379
0.46657,0.246369181621436
0.468,0.247003496247495
0.46944,0.247625721044392
0.47087,0.248235862260988
0.4723,0.248833928842033
0.47374,0.249424651253216
0.47517,0.250003325343653
0.4766,0.250557467928807
0.47804,0.251130955287309
0.47954,0.251701493614006
0.48133,0.252364092978974
0.48312,0.253008670611385
0.48492,0.253635279443412
0.48671,0.254243977764196
0.4885,0.254839534155312
0.49029,0.255422004756681
0.49208,0.255984464624078
0.49387,0.256531662356168
0.49567,0.257044624819817
0.49746,0.257561503840703
0.49925,0.258044419217035
0.50035,0.258322430589086
0.50192,0.258740566294208
0.50353,0.259128295055679
0.50514,0.259516080747717
0.50675,0.259896818634538
0.50836,0.260249654591652
0.50997,0.260586408973076
0.51158,0.260932571910259
0.51319,0.261246601376637
0.5148,0.261573607609077
0.51641,0.261865290357143
0.51802,0.262145910696214
0.51963,0.262399646958367
0.52124,0.262662990834561
0.52285,0.26289515837695
0.52446,0.263132441088674
0.52607,0.263343387736966
0.52768,0.263543880002052
0.52929,0.263734005325837
0.5309,0.263913852056841
0.53251,0.264083509404659
0.53412,0.264247522080987
0.53577,0.264390212003023
0.53778,0.264550915820277
0.53979,0.264701372763138
0.5418,0.264817775760187
0.54382,0.264939469524768
0.54583,0.265031989241733
0.54784,0.265110665477903
0.54985,0.265175677242187
0.55186,0.265212397830206
0.55388,0.265250689798221
0.55589,0.265265445677804
0.5579,0.265263122982854
0.55991,0.265237863997331
0.56192,0.265214721845696
0.56394,0.265169062584392
0.56595,0.265111381249804
0.56796,0.265041858506858
0.56997,0.264950601678248
0.57198,0.264862073261611
0.574,0.264748155902005
0.57601,0.264627256241498
0.57802,0.264481556698303
0.58003,0.264343119570778
0.58204,0.264184308578313
0.58406,0.264015184172037
0.58607,0.263835921297884
0.58808,0.263637038796403
0.59009,0.263432345044659
0.5921,0.263221944389929
0.59412,0.263002095901543
0.59613,0.262776790924956
0.59814,0.262532898668712
0.60015,0.262280107217623
0.60217,0.26202608979586
0.60418,0.261750379859745
0.60619,0.261482981884192
0.6082,0.261197988621419
0.61021,0.260885312440264
0.61223,0.26057874515847
0.61424,0.260280726784334
0.61625,0.259965867262545
0.61826,0.259643453355896
0.62027,0.259308222496715
0.62229,0.258981759328857
0.6243,0.258639179551219
0.62631,0.258293080681092
0.62832,0.25794354367636
0.63033,0.257578446116027
0.63235,0.257225748623176
0.63436,0.256857725712021
0.63637,0.256483284393386
0.63838,0.256100655963799
0.64039,0.255711878880431
0.64241,0.255316404779907
0.64442,0.254925520018549
0.64643,0.254520310693633
0.64844,0.254127581179321
0.65045,0.253720739182379
0.65247,0.253314767076795
0.65448,0.25290649028916
0.65649,0.252484547206759
0.6585,0.252075047362491
0.66051,0.251652080604328
0.66278,0.251173821245432
0.66529,0.250642106494173
0.66781,0.250089094031984
0.67032,0.249541378227665
0.67284,0.248997431679408
0.67535,0.248451277381648
0.67787,0.247895115992366
0.68038,0.247350711342232
0.6829,0.246785773446519
0.68541,0.246232633471041
0.68793,0.245669967019744
0.69044,0.245090124479647
0.69296,0.244527113089737
0.69547,0.243957765739984
0.69799,0.243389787431822
0.7005,0.242818384245131
0.703,0.242256514435609
0.70549,0.241688495785541
0.70798,0.241119215861932
0.71047,0.240554023821731
0.71296,0.239972263350033
0.71545,0.239402661767158
0.71795,0.238832006337384
0.72044,0.238268018883955
0.72293,0.237693273435173
0.72542,0.237122694409544
0.72791,0.2365537402309
0.7304,0.235986418457035
0.7329,0.235405535173102
0.73539,0.234836930422544
0.73788,0.234270008128718
0.74037,0.233704774268815
0.74286,0.233134318815236
0.74535,0.23257486102431
0.74785,0.232010220769455
0.75034,0.231454251972439
0.75283,0.230862066273458
0.75532,0.230302726251185
0.75781,0.229740673689543
0.76031,0.22918487713181
0.7628,0.228635232706088
0.76529,0.228060791708024
0.76778,0.227523369481083
0.77027,0.226961394944232
0.77276,0.226388636720228
0.77526,0.225838983243672
0.77775,0.225295318852527
0.78024,0.224749008716368
0.78273,0.224187755653256
0.78522,0.223653288872747
0.78771,0.223104013206618
0.79021,0.222564321114646
0.7927,0.222026682535237
0.79519,0.221486517099855
0.79768,0.2209322092724
0.8,0.22044159449718
0.80219,0.219973872816894
0.80502,0.219369359740678
0.80786,0.21876689518225
0.8107,0.218149565103702
0.81354,0.217558570282732
0.81638,0.216974526538096
0.81922,0.216378708332187
0.82206,0.215782108269379
0.8249,0.215200266254885
0.82774,0.214601394285328
0.83058,0.214017740996977
0.83342,0.213448440945813
0.83626,0.212867991584959
0.8391,0.21228670854766
0.84194,0.211729476474643
0.84478,0.211145452302219
0.84762,0.210566676968605
0.85046,0.210011469756231
0.8533,0.209462497324457
0.85613,0.208895705854522
0.85897,0.208335297475137
0.86181,0.207797552782081
0.86465,0.207233912967529
0.86749,0.206675808280767
0.87033,0.206139923773831
0.87317,0.205602862526381
0.87601,0.205062928293341
0.87885,0.204521956500458
0.88169,0.203987071642158
0.88453,0.203457740108671
0.88737,0.202934129789687
0.89021,0.202401038234996
0.89305,0.201881932075438
0.89589,0.201360221416439
0.89873,0.200837082955998
0.90157,0.200319757018851
0.90441,0.199807920549458
0.90724,0.199301486633892
0.91008,0.198800370183387
0.91292,0.198290302001574
0.91576,0.19779968089667
0.9186,0.19727889622002
0.92144,0.196784655180845
0.92428,0.196302892792265
0.92712,0.195812384057991
0.92996,0.195313365645264
0.9328,0.194832950096026
0.93564,0.194342832994921
0.93848,0.193858900657426
0.94132,0.193393037809634
0.94416,0.192912621566581
0.947,0.19244319368135
0.94984,0.191972366620985
0.95268,0.191506241874958
0.95552,0.19103646511912
0.95836,0.190566977549901
0.96119,0.190114640495638
0.96403,0.189654352802036
0.96687,0.189192678287978
0.96971,0.188741440737026
0.97255,0.188280485473278
0.97539,0.187832195122176
0.97823,0.187394060167887
0.98107,0.186954358804335
0.98391,0.186507108554056
0.98675,0.186081593780791
0.98959,0.185642816835634
0.99243,0.185194342800298
0.99527,0.18476394044923
0.99811,0.184331997210248
1.0008,0.183926759073075
1.0038,0.183497049100116
1.0067,0.18306034664562
1.0096,0.182614160176908
